<?xml version="1.0" encoding="UTF-8"?>

<!-- Logback configuration. See http://logback.qos.ch/manual/index.html -->
<configuration scan="true" scanPeriod="10 seconds">
    <!--<include resource="org/springframework/boot/logging/logback/base.xml" />-->

    <!--定义日志文件的存储地址和前缀名-->
    <property name="LOG_HOME" value="/home/user/logs/eureka/" />
    <property name="LOG_PREFIX" value="eureka-server" />

    <!-- 一般信息按照每天生成日志文件 -->
    <appender name="INFO_FILE" class="ch.qos.logback.core.rolling.RollingFileAppender">
        <File>${LOG_HOME}/${LOG_PREFIX}-info.log</File>
        <rollingPolicy class="ch.qos.logback.core.rolling.SizeAndTimeBasedRollingPolicy">
            <!-- 每天一归档 -->
            <fileNamePattern>${LOG_HOME}/${LOG_PREFIX}-info-%d{yyyyMMdd}.log.%i</fileNamePattern>
            <!-- 单个日志文件最多500MB, 30天的日志周期，最大不能超过20GB -->
            <maxFileSize>100MB</maxFileSize>
            <maxHistory>30</maxHistory>
            <totalSizeCap>20GB</totalSizeCap>
        </rollingPolicy>
        <encoder>
            <!--格式化输出：%d表示日期，%thread表示线程名，%-5level：级别从左显示5个字符宽度%msg：日志消息，%n是换行符-->
            <Pattern>%d{yyyy-MM-dd HH:mm:ss.SSS} [%thread] %-5level %logger{36} -%msg%n</Pattern>
        </encoder>
    </appender>

    <!--错误信息按照每天生成日志文件-->
    <appender name="ERROR_FILE" class="ch.qos.logback.core.rolling.RollingFileAppender">
        <filter class="ch.qos.logback.classic.filter.ThresholdFilter">
            <level>ERROR</level>
        </filter>
        <File>${LOG_HOME}/${LOG_PREFIX}-error.log</File>
        <rollingPolicy class="ch.qos.logback.core.rolling.SizeAndTimeBasedRollingPolicy">
            <!-- 每天一归档 -->
            <fileNamePattern>${LOG_HOME}/${LOG_PREFIX}-error-%d{yyyyMMdd}.log.%i</fileNamePattern>
            <!-- 单个日志文件最多500MB, 30天的日志周期，最大不能超过20GB -->
            <maxFileSize>100MB</maxFileSize>
            <maxHistory>30</maxHistory>
            <totalSizeCap>20GB</totalSizeCap>
        </rollingPolicy>
        <encoder>
            <!--格式化输出：%d表示日期，%thread表示线程名，%-5level：级别从左显示5个字符宽度%msg：日志消息，%n是换行符-->
            <Pattern>%d{yyyy-MM-dd HH:mm:ss.SSS} [%thread] %-5level %logger{36} -%msg%n</Pattern>
        </encoder>
    </appender>

    <appender name="STDOUT" class="ch.qos.logback.core.ConsoleAppender">
        <encoder>
            <!--格式化输出：%d表示日期，%thread表示线程名，%-5level：级别从左显示5个字符宽度%msg：日志消息，%n是换行符-->
            <pattern>%d{yyyy-MM-dd HH:mm:ss.SSS} [%thread] %-5level %logger{50} - %msg%n</pattern>
        </encoder>
    </appender>

    <!-- 日志输出级别   这样设置不打印日志 -->
    <root level="INFO">
       <!--   <appender-ref ref="STDOUT" />  -->
        <appender-ref ref="INFO_FILE" />
        <appender-ref ref="ERROR_FILE" />
    </root>

</configuration>