<?xml version="1.0" encoding="utf-8"?>
<configuration>
    <property name="CUSTOM_LOG_PATTERN" value="%d{yyyy-MM-dd HH:mm:ss.SSS} %-5level [%thread]%logger -%msg%n" />
    <property name="LOG_PATH" value="/home/user/logs/usersystem/" />

    <include resource="org/springframework/boot/logging/logback/defaults.xml" />
    <include resource="org/springframework/boot/logging/logback/console-appender.xml" />

    <appender name="ROLLING-FILE-INFO" class="ch.qos.logback.core.rolling.RollingFileAppender">
        <file>${LOG_PATH}logs/todo.log</file>
        <!-- 日志级别过滤器 -->
        <filter class="ch.qos.logback.classic.filter.LevelFilter">
          <!-- 过滤的级别 -->
          <level>INFO</level>
          <!-- 匹配时的操作：接收（记录） -->
          <onMatch>ACCEPT</onMatch>
          <!-- 不匹配时的操作：拒绝（不记录） -->
          <onMismatch>DENY</onMismatch>
        </filter>
        <rollingPolicy class="ch.qos.logback.core.rolling.SizeAndTimeBasedRollingPolicy">
            <!-- 每天一归档 -->
            <fileNamePattern>${LOG_PATH}logs/todo-%d{yyyy-MM-dd}.%i.log
            </fileNamePattern>
            <!-- 单个日志文件最多 100MB, 10天的日志周期，最大不能超过20GB -->
            <maxFileSize>100MB</maxFileSize>
            <maxHistory>10</maxHistory>
            <totalSizeCap>20GB</totalSizeCap>
        </rollingPolicy>
        <encoder>
            <pattern>${CUSTOM_LOG_PATTERN}</pattern>
        </encoder>
    </appender>

    <appender name="ROLLING-FILE-WARN" class="ch.qos.logback.core.rolling.RollingFileAppender">
        <file>${LOG_PATH}logs/todo-warn.log</file>
        <!-- 日志级别过滤器 -->
        <filter class="ch.qos.logback.classic.filter.LevelFilter">
          <!-- 过滤的级别 -->
          <level>WARN</level>
          <!-- 匹配时的操作：接收（记录） -->
          <onMatch>ACCEPT</onMatch>
          <!-- 不匹配时的操作：拒绝（不记录） -->
          <onMismatch>DENY</onMismatch>
        </filter>
        <rollingPolicy class="ch.qos.logback.core.rolling.SizeAndTimeBasedRollingPolicy">
            <!-- daily rollover -->
            <fileNamePattern>${LOG_PATH}logs/todo-warn%d{yyyy-MM-dd}.%i.log
            </fileNamePattern>
            <maxFileSize>100MB</maxFileSize>
            <maxHistory>10</maxHistory>
            <totalSizeCap>20GB</totalSizeCap>
        </rollingPolicy>
        <encoder>
            <pattern>${CUSTOM_LOG_PATTERN}</pattern>
        </encoder>
    </appender>

    <appender name="ROLLING-FILE-ERROR"
        class="ch.qos.logback.core.rolling.RollingFileAppender">
        <file>${LOG_PATH}logs/todo-error.log</file>
        <!-- 日志级别过滤器 -->
        <filter class="ch.qos.logback.classic.filter.LevelFilter">
          <!-- 过滤的级别 -->
          <level>ERROR</level>
          <!-- 匹配时的操作：接收（记录） -->
          <onMatch>ACCEPT</onMatch>
          <!-- 不匹配时的操作：拒绝（不记录） -->
          <onMismatch>DENY</onMismatch>
        </filter>
        <rollingPolicy class="ch.qos.logback.core.rolling.SizeAndTimeBasedRollingPolicy">
            <!-- 每天一归档 -->
            <fileNamePattern>${LOG_PATH}logs/todo-error%d{yyyy-MM-dd}.%i.log
            </fileNamePattern>
            <maxFileSize>100MB</maxFileSize>
            <maxHistory>10</maxHistory>
            <totalSizeCap>20GB</totalSizeCap>
        </rollingPolicy>
        <encoder>
            <pattern>${CUSTOM_LOG_PATTERN}</pattern>
        </encoder>
    </appender>

    <appender name="STDOUT" class="ch.qos.logback.core.ConsoleAppender">
        <!--encoder 默认配置为PatternLayoutEncoder -->
        <encoder>
            <pattern>${CONSOLE_LOG_PATTERN}</pattern>
            <charset>utf-8</charset>
        </encoder>
        <!--此日志appender是为开发使用，只配置最底级别，控制台输出的日志级别是大于或等于此级别的日志信息 -->
        <filter class="ch.qos.logback.classic.filter.ThresholdFilter">
            <level>debug</level>
        </filter>
    </appender>

    <logger name="SQL" level="debug">
        <appender-ref ref="STDOUT" />
    </logger>
    <!-- 配置日志总体输出级别 -->
    <root level="INFO">
        <appender-ref ref="ROLLING-FILE-WARN" />
        <appender-ref ref="ROLLING-FILE-INFO" />
        <appender-ref ref="ROLLING-FILE-ERROR" />
    </root>
</configuration>